title,genre,release_date,status,ai_overview,publisher_overview,store_url,steam_appid,studio_name,reddit_url
Fortnite,"Battle Royale, Sandbox",2017-07-25,released,"Fortnite is a massive online multiplayer game featuring three distinct modes: a free-to-play Battle Royale where up to 100 players fight to be the last one standing, a creative Sandbox mode where players can build their own worlds, and a cooperative Save the World mode. Its signature building mechanic and frequent pop-culture crossovers define its identity.","Fortnite is the completely free multiplayer game where you and your friends can jump into Battle Royale or Fortnite Creative. Download now for FREE and jump into the action.","https://www.epicgames.com/store/en-US/p/fortnite",,Epic Games,https://www.reddit.com/r/FortNiteBR/
League of Legends,"MOBA",2009-10-27,released,"League of Legends is a 5v5 multiplayer online battle arena (MOBA) game where two teams of unique champions battle to destroy the enemy's base, known as the Nexus. It emphasizes strategy, teamwork, and real-time tactical combat, with a constantly evolving roster of characters and game mechanics.","League of Legends is a team-based game with over 140 champions to make epic plays with. Play now for free.","https://www.leagueoflegends.com/",,Riot Games,https://www.reddit.com/r/leagueoflegends/
Valorant,"Tactical Hero Shooter",2020-06-02,released,"Valorant is a 5v5 character-based tactical first-person shooter. It blends precise, high-stakes gunplay reminiscent of classic tactical shooters with a roster of unique 'Agents,' each possessing supernatural abilities that open up strategic opportunities.","Blend your style and experience on a global, competitive stage. You have 13 rounds to attack and defend your side using sharp gunplay and tactical abilities. And, with one life per-round, you'll need to think faster than your opponent if you want to survive.","https://playvalorant.com/",,Riot Games,https://www.reddit.com/r/VALORANT/
Apex Legends,"Hero Shooter, Battle Royale",2019-02-04,released,"Apex Legends is a free-to-play hero-based battle royale shooter where teams of three compete in fast-paced combat. It is distinguished by its innovative ping communication system, unique character abilities, and an emphasis on squad mobility and synergistic team play within the Titanfall universe.","Conquer with character in Apex Legends, a free-to-play Hero shooter where legendary characters with powerful abilities team up to battle for fame & fortune on the fringes of the Frontier.","https://store.steampowered.com/app/1172470/Apex_Legends/",1172470,Respawn Entertainment,https://www.reddit.com/r/apexlegends/
Minecraft,"Sandbox, Survival",2011-11-18,released,"Minecraft is a procedurally generated 3D sandbox game that allows players to build with a variety of different blocks in an infinite world. It features two main modes: a survival mode with resource gathering and combat, and a creative mode with unlimited resources, enabling boundless construction and exploration.","Explore your own unique world, survive the night, and create anything you can imagine!","https://www.minecraft.net/en-us/store/minecraft-java-bedrock-edition-pc",,Mojang Studios,https://www.reddit.com/r/Minecraft/
Counter-Strike 2,"Tactical FPS",2023-09-27,released,"Counter-Strike 2 is the latest iteration of the premier team-based tactical first-person shooter. It enhances the classic objective-based gameplay with significant technical upgrades, including a new engine for improved graphics, sub-tick server architecture for more responsive gameplay, and reworked maps.","For over two decades, millions of players globally have entered the battle as part of the premier first-person shooter competitive experience. Now the next chapter in the CS story is about to begin. This is Counter-Strike 2.","https://store.steampowered.com/app/730/CounterStrike_2/",730,Valve,https://www.reddit.com/r/GlobalOffensive/
Destiny 2,"Action MMO, Looter Shooter",2017-09-06,released,"Destiny 2 is a free-to-play online-only multiplayer first-person shooter. Players assume the role of a Guardian, protectors of Earth's last safe city, wielding powerful abilities to combat alien races across the solar system while pursuing an ever-expanding collection of weapons and armor.","Dive into the world of Destiny 2 to explore the mysteries of the solar system and experience responsive first-person shooter combat. Unlock powerful elemental abilities and collect unique gear to customize your Guardian's look and playstyle.","https://store.steampowered.com/app/1085660/Destiny_2/",1085660,Bungie,https://www.reddit.com/r/DestinyTheGame/
World of Warcraft,"MMORPG",2004-11-23,released,"World of Warcraft is a massively multiplayer online role-playing game set in the fantasy universe of Azeroth. Players create a character, choose a faction—the Alliance or the Horde—and explore a vast world, completing quests, conquering dungeons, and engaging in large-scale player-versus-player combat.","Join millions of players and enter a world of myth, magic, and limitless adventure. With a single subscription you can access World of Warcraft and World of Warcraft Classic, including Cataclysm Classic, Season of Discovery, and Hardcore Realms.","https://worldofwarcraft.blizzard.com/en-us/",,Blizzard Entertainment,https://www.reddit.com/r/wow/
Final Fantasy XIV Online,"MMORPG",2013-08-27,released,"Final Fantasy XIV is a critically acclaimed MMORPG set in the world of Hydaelyn. Renowned for its compelling narrative, flexible class system allowing one character to master all jobs, and a vast amount of content including dungeons, raids, and crafting, it offers a deeply immersive Final Fantasy experience.","Take part in an epic and ever-changing FINAL FANTASY as you adventure and explore with friends from all over the world. Experience the hallmark FINAL FANTASY story and gameplay on your own or with friends!","https://store.steampowered.com/app/39210/FINAL_FANTASY_XIV_Online/",39210,Square Enix,https://www.reddit.com/r/ffxiv/
Genshin Impact,"Action RPG, Gacha",2020-09-28,released,"Genshin Impact is an open-world action RPG with 'gacha' mechanics. Players explore the vast fantasy world of Teyvat, controlling a party of four interchangeable characters with unique elemental abilities. The game's core loop involves exploration, combat, and acquiring new characters and weapons.","Step into Teyvat, a vast world teeming with life and flowing with elemental energy. You and your sibling arrived here from another world. Separated by an unknown god, stripped of your powers, and cast into a deep slumber, you now awake to a world very different from when you first arrived.","https://www.epicgames.com/store/en-US/p/genshin-impact",,HoYoverse,https://www.reddit.com/r/Genshin_Impact/
Helldivers 2,"Co-op Third-Person Shooter",2024-02-08,released,"Helldivers 2 is a squad-based cooperative third-person shooter where players team up as elite soldiers to defend 'Super Earth' from alien threats. The gameplay is defined by its chaotic, friendly-fire-on nature and a strategic 'Stratagem' system for calling in support, weapons, and airstrikes.","The Galaxy’s Last Line of Offence. Enlist in the Helldivers and join the fight for freedom across a hostile galaxy in a fast, frantic, and ferocious third-person shooter.","https://store.steampowered.com/app/553850/HELLDIVERS_2/",553850,Arrowhead Game Studios,https://www.reddit.com/r/Helldivers/
Baldur's Gate 3,"CRPG",2023-08-03,released,"Baldur's Gate 3 is a story-rich, party-based RPG set in the Dungeons & Dragons universe. It offers unparalleled freedom, allowing players to explore a vast world and shape the narrative through their choices, while engaging in deep, tactical turn-based combat. The game can be played solo or with up to four players in co-op.","Gather your party, and return to the Forgotten Realms in a tale of fellowship and betrayal, sacrifice and survival, and the lure of absolute power.","https://store.steampowered.com/app/1086940/Baldurs_Gate_3/",1086940,Larian Studios,https://www.reddit.com/r/BaldursGate3/
Diablo IV,"Action RPG, Hack-and-Slash",2023-06-05,released,"Diablo IV is a dark fantasy action RPG and the latest installment in the iconic series. Players choose from several classes to battle demonic hordes in a shared open world, pursuing loot, leveling up extensive skill trees, and engaging in a grim narrative about the return of the demon Lilith.","The endless battle between the High Heavens and the Burning Hells rages on as chaos threatens to consume Sanctuary. With ceaseless demons to slaughter, countless Abilities to master, nightmarish Dungeons, and Legendary loot, this vast world brings the promise of adventure and devastation.","https://store.steampowered.com/app/2344520/Diablo_IV/",2344520,Blizzard Entertainment,https://www.reddit.com/r/diablo4/
Overwatch 2,"Hero Shooter",2022-10-04,released,"Overwatch 2 is a free-to-play, team-based action game set in an optimistic future, where every match is the ultimate 5v5 battlefield brawl. It builds upon its predecessor with a new 5v5 format, new heroes, maps, and modes, focusing on fast-paced, objective-based combat.","Overwatch 2 is a critically acclaimed team-based shooter set in an optimistic future with an evolving roster of heroes. Team up with friends and jump into the action.","https://store.steampowered.com/app/2357570/Overwatch_2/",2357570,Blizzard Entertainment,https://www.reddit.com/r/Overwatch/
Palworld,"Survival, Crafting, Monster-Tamer",2024-01-19,early_access,"Palworld is an open-world survival crafting game where players befriend and collect mysterious creatures called 'Pals.' These Pals can be used for fighting, building, farming, or working in factories. The game combines monster-taming with survival mechanics and automation in a vast world.","Fight, farm, build and work alongside mysterious creatures called ""Pals"" in this completely new multiplayer, open world survival and crafting game!","https://store.steampowered.com/app/1623730/Palworld/",1623730,Pocketpair,https://www.reddit.com/r/Palworld/
Elden Ring,"Action RPG, Open World",2022-02-25,released,"Elden Ring is a dark fantasy action RPG developed in collaboration with George R. R. Martin. It features a vast, seamless open world called the Lands Between, challenging Souls-like combat, deep character customization, and a cryptic narrative that players piece together through exploration and discovery.","THE NEW FANTASY ACTION RPG. Rise, Tarnished, and be guided by grace to brandish the power of the Elden Ring and become an Elden Lord in the Lands Between.","https://store.steampowered.com/app/1245620/ELDEN_RING/",1245620,FromSoftware Inc.,https://www.reddit.com/r/Eldenring/
No Man's Sky,"Survival, Exploration",2016-08-12,released,"No Man's Sky is a science-fiction exploration survival game set in a procedurally generated galaxy. Players can explore a near-infinite number of unique planets, catalog flora and fauna, gather resources, trade with alien species, and upgrade their starship and equipment. The game has received numerous major updates, adding features like base building, multiplayer, and VR support.","Inspired by the adventure and imagination that we love from classic science-fiction, No Man's Sky presents you with a galaxy to explore, filled with unique planets and lifeforms, and constant danger and action.","https://store.steampowered.com/app/275850/No_Mans_Sky/",275850,Hello Games,https://www.reddit.com/r/NoMansSkyTheGame/
Rust,"Multiplayer Survival",2018-02-08,released,"Rust is a hardcore multiplayer survival game where the main objective is to survive in a hostile open world. Players must manage hunger, thirst, and health while contending with threats from wildlife and, most notably, other players. The experience is defined by emergent player-driven narratives, from forming clans to raiding enemy bases.","The only aim in Rust is to survive. Everything wants you to die - the island’s wildlife and other inhabitants, the environment, other survivors. Do whatever it takes to last another night.","https://store.steampowered.com/app/252490/Rust/",252490,Facepunch Studios,https://www.reddit.com/r/playrust/
Escape from Tarkov,"Hardcore FPS, Looter Shooter",2017-07-27,closed_beta,"Escape from Tarkov is a hardcore and realistic online first-person action RPG/Simulator with MMO features. Set in the fictional Norvinsk region, players join raids to secure valuable loot while fighting other players and AI, all while needing to survive and extract from the map to keep their gear.","Escape from Tarkov is a hardcore and realistic online first-person action RPG/Simulator with MMO features and a story-driven walkthrough.","https://www.escapefromtarkov.com/",,Battlestate Games,https://www.reddit.com/r/EscapefromTarkov/
Sea of Thieves,"Action-Adventure, Shared World",2018-03-20,released,"Sea of Thieves is a shared-world adventure game where players can live out the pirate life. Teams of players sail the seas on galleons, completing voyages for trading companies, searching for buried treasure, and engaging in naval combat with other player crews in a colorful, stylized world.","Sea of Thieves offers the essential pirate experience, from sailing and fighting to exploring and looting – everything you need to live the pirate life and become a legend in your own right.","https://store.steampowered.com/app/1172620/Sea_of_Thieves/",1172620,Rare Ltd,https://www.reddit.com/r/Seaofthieves/
The Elder Scrolls Online,"MMORPG",2014-04-04,released,"The Elder Scrolls Online is an MMORPG set in the continent of Tamriel, predating the events of the other games in the series. It features a story-driven questing experience, action-based combat, and the freedom to explore the entire world of Tamriel. The game is known for its regular chapter expansions that add new zones and storylines.","Join over 22 million players in the award-winning online multiplayer RPG and experience limitless adventure in a persistent Elder Scrolls world. Battle, craft, steal, or explore, and combine different types of equipment and abilities to create your own style of play.","https://store.steampowered.com/app/306130/The_Elder_Scrolls_Online/",306130,ZeniMax Online Studios,https://www.reddit.com/r/elderscrollsonline/
Guild Wars 2,"MMORPG",2012-08-28,released,"Guild Wars 2 is an MMORPG known for its dynamic event system, which replaces traditional quests with world events that players can cooperate on. It features action-oriented combat, minimal grinding, and a non-subscription business model. The game promotes exploration and cooperative play in its vast world of Tyria.","Guild Wars 2 is an award-winning online roleplaying game with fast-paced action combat, deep character customization, and no subscription fee required. Choose from an arsenal of professions and weapons, explore a vast open world, and compete in WvW and PvP modes!","https://store.steampowered.com/app/1284210/Guild_Wars_2/",1284210,ArenaNet,https://www.reddit.com/r/Guildwars2/
Rocket League,"Vehicular Soccer",2015-07-07,released,"Rocket League is a high-powered hybrid of arcade-style soccer and vehicular mayhem. Players control rocket-powered cars to hit a giant ball into their opponent's goal, leading to fast-paced, physics-driven matches that are easy to learn but difficult to master.","Rocket League is a high-powered hybrid of arcade-style soccer and vehicular mayhem with easy-to-understand controls and fluid, physics-driven competition.","https://www.epicgames.com/store/en-US/p/rocket-league",,Psyonix,https://www.reddit.com/r/RocketLeague/
Dota 2,"MOBA",2013-07-09,released,"Dota 2 is a 5v5 multiplayer online battle arena (MOBA) game, and the stand-alone sequel to the original Warcraft III mod. It is known for its high skill ceiling, complex mechanics, and a massive roster of heroes, each with unique abilities. The game's professional scene, centered around 'The International' tournament, is one of the largest in esports.","Every day, millions of players worldwide enter battle as one of over a hundred Dota heroes. And no matter if it's their 10th hour of play or 1,000th, there's always something new to discover.","https://store.steampowered.com/app/570/Dota_2/",570,Valve,https://www.reddit.com/r/DotA2/
Stardew Valley,"Farming Sim, RPG",2016-02-26,released,"Stardew Valley is an indie farming simulation RPG. Players inherit a run-down farm and are tasked with restoring it by growing crops, raising animals, mining for resources, and building relationships with the local townspeople. It is beloved for its charming pixel art, relaxing gameplay, and depth of content, which continues to be expanded with major free updates.","You've inherited your grandfather's old farm plot in Stardew Valley. Armed with hand-me-down tools and a few coins, you set out to begin your new life. Can you learn to live off the land and turn these overgrown fields into a thriving home?","https://store.steampowered.com/app/413150/Stardew_Valley/",413150,ConcernedApe,https://www.reddit.com/r/StardewValley/
Path of Exile,"Action RPG, Hack-and-Slash",2013-10-23,released,"Path of Exile is a free-to-play online action RPG set in the dark fantasy world of Wraeclast. It is renowned for its immense complexity, featuring a massive passive skill tree, deep item customization through a currency-based crafting system, and a constant stream of new competitive league content every few months.","You are an Exile, struggling to survive on the dark continent of Wraeclast, as you fight to earn power that will allow you to exact your revenge against those who wronged you. Created by gamers, for gamers, Path of Exile is an online Action RPG set in a dark fantasy world.","https://store.steampowered.com/app/238960/Path_of_Exile/",238960,Grinding Gear Games,https://www.reddit.com/r/pathofexile/
Warframe,"Action RPG, Looter Shooter",2013-03-25,released,"Warframe is a free-to-play, cooperative third-person looter shooter set in a distant, sci-fi future. Players control members of the Tenno race, who use advanced biomechanical combat suits called Warframes. The game is defined by its fast-paced parkour and combat, deep customization, and a large volume of content added through frequent, substantial updates.","Confront warring factions throughout a sprawling interplanetary system as you follow the guidance of the mysterious Lotus and level up your Warframe, build an Arsenal of destructive firepower, and realize your true potential across massive open worlds in this thrilling, genre-defining third-person combat experience.","https://store.steampowered.com/app/230410/Warframe/",230410,Digital Extremes,https://www.reddit.com/r/Warframe/
Deep Rock Galactic,"Co-op FPS",2020-05-13,released,"Deep Rock Galactic is a 1-4 player cooperative first-person shooter featuring space-faring Dwarves. Players team up to explore procedurally generated and fully destructible cave systems, completing hazardous missions to mine valuable minerals while fending off hordes of alien insects. Teamwork and class synergy are essential for survival.","Deep Rock Galactic is a 1-4 player co-op FPS featuring badass space Dwarves, 100% destructible environments, procedurally-generated caves, and endless hordes of alien monsters.","https://store.steampowered.com/app/548430/Deep_Rock_Galactic/",548430,Ghost Ship Games,https://www.reddit.com/r/DeepRockGalactic/
The Sims 4,"Life Simulation",2014-09-02,released,"The Sims 4 is a life simulation game where players create and control people, called Sims. You can customize their appearance, personalities, and homes, then guide them through their lives, careers, and relationships. The game is supported by a vast ecosystem of expansion packs, game packs, and stuff packs that add new content and gameplay mechanics.","Unleash your imagination and create a unique world of Sims that’s an expression of you! Explore and customize every detail from Sims to homes–and much more.","https://store.steampowered.com/app/1222670/The_Sims_4/",1222670,Maxis,https://www.reddit.com/r/thesims/
Microsoft Flight Simulator,"Flight Simulation",2020-08-18,released,"Microsoft Flight Simulator is an amateur flight simulator that provides a hyper-realistic experience of piloting a wide variety of aircraft. It uses real-world map data from Bing Maps to create a digital twin of the entire planet, with real-time weather and traffic. The platform is continuously updated with new aircraft, enhanced scenery, and gameplay features.","From light planes to wide-body jets, fly highly detailed and accurate aircraft in the next generation of Microsoft Flight Simulator. Test your piloting skills against the challenges of night flying, real-time atmospheric simulation and live weather in a dynamic and living world.","https://store.steampowered.com/app/1250410/Microsoft_Flight_Simulator_2020/",1250410,Asobo Studio,https://www.reddit.com/r/MicrosoftFlightSim/
Crusader Kings III,"Grand Strategy, RPG",2020-09-01,released,"Crusader Kings III is a grand strategy game where players control a medieval dynasty rather than a country. The game focuses on characters, intrigue, and lineage, as you guide your ruler and their descendants through centuries of politics, war, and drama. Success is measured not just by territory, but by the survival and prestige of your house.","Love, fight, scheme, and claim greatness. Determine your noble house’s legacy in the sprawling grand strategy of Crusader Kings III. Death is only the beginning as you guide your dynasty’s lineage in the rich and larger-than-life simulation of the Middle Ages.","https://store.steampowered.com/app/1158310/Crusader_Kings_III/",1158310,Paradox Development Studio,https://www.reddit.com/r/CrusaderKings/
Civilization VI,"4X Strategy",2016-10-21,released,"Civilization VI is a turn-based 4X (eXplore, eXpand, eXploit, eXterminate) strategy game where players lead a historical civilization from the Stone Age to the Information Age. The goal is to achieve one of several victory conditions, such as military domination or technological supremacy. The game continues to be supported with new leaders and a seasonal 'Leader Pass'.","Civilization VI offers new ways to interact with your world, expand your empire across the map, advance your culture, and compete against history’s greatest leaders to build a civilization that will stand the test of time.","https://store.steampowered.com/app/289070/Sid_Meiers_Civilization_VI/",289070,Firaxis Games,https://www.reddit.com/r/civ/
New World,"MMORPG",2021-09-28,released,"New World is an MMORPG set on the supernatural island of Aeternum. The game features action-based combat, a player-driven economy, and large-scale territory control battles between player factions. Players craft, quest, and fight to carve out a destiny on the mysterious island.","Explore a thrilling, open-world MMO filled with danger and opportunity where you'll forge a new destiny for yourself as an adventurer shipwrecked on the supernatural island of Aeternum.","https://store.steampowered.com/app/1063730/New_World/",1063730,Amazon Games Orange County,https://www.reddit.com/r/newworldgame/
Tom Clancy's Rainbow Six Siege,"Tactical FPS",2015-12-01,released,"Rainbow Six Siege is a tactical first-person shooter focused on close-quarters combat and environmental destruction. Matches are 5v5, with one team attacking and the other defending a specific objective. Players choose from a large roster of 'Operators', each with unique gadgets, leading to highly strategic and tense gameplay loops.","Tom Clancy's Rainbow Six Siege is an elite, tactical team-based shooter where superior planning and execution triumph.","https://store.steampowered.com/app/359550/Tom_Clancys_Rainbow_Six_Siege/",359550,Ubisoft Montreal,https://www.reddit.com/r/Rainbow6/
PUBG: BATTLEGROUNDS,"Battle Royale",2017-12-21,released,"PUBG: BATTLEGROUNDS is one of the foundational games of the battle royale genre. Players are dropped onto a large island and must scavenge for weapons and equipment to fight and be the last person or team standing as the playable area shrinks over time. It is known for its realistic approach to gunplay and military tactics.","Play PUBG: BATTLEGROUNDS for free. Land on strategic locations, loot weapons and supplies, and survive to become the last team standing across various, diverse Battlegrounds.","https://store.steampowered.com/app/578080/PUBG_BATTLEGROUNDS/",578080,KRAFTON, Inc.,https://www.reddit.com/r/PUBATTLEGROUNDS/
Valheim,"Survival, Sandbox",2021-02-02,early_access,"Valheim is a brutal exploration and survival game for 1-10 players, set in a procedurally-generated world inspired by Norse mythology. Players must battle, build, and conquer their way through the realm to earn Odin's favor. The game blends survival mechanics with boss-driven progression and a distinctive low-poly art style.","A brutal exploration and survival game for 1-10 players, set in a procedurally-generated purgatory inspired by viking culture. Battle, build, and conquer your way to a saga worthy of Odin’s patronage!","https://store.steampowered.com/app/892970/Valheim/",892970,Iron Gate AB,https://www.reddit.com/r/valheim/
Manor Lords,"City-builder, RTS",2024-04-26,early_access,"Manor Lords is a medieval strategy game featuring in-depth city building, large-scale tactical battles, and complex economic and social simulations. Players act as a medieval lord, growing their starting village into a bustling city while managing resources and fending off rivals in realistic, real-time combat.","Manor Lords is a medieval strategy game featuring in-depth city building, large-scale tactical battles, and complex economic and social simulations. Rule your lands as a medieval lord -- the seasons pass, the weather changes, and cities rise and fall.","https://store.steampowered.com/app/1363080/Manor_Lords/",1363080,Slavic Magic,https://www.reddit.com/r/ManorLords/
Hades II,"Roguelike, Action RPG",2024-05-06,early_access,"Hades II is an action roguelike and the sequel to the acclaimed original. Players control Melinoë, the Princess of the Underworld, as she battles down into the Underworld to confront the Titan of Time. It builds on its predecessor with new weapons, boons from a wider array of Olympian gods, and a new layer of magical abilities and crafting.","Battle beyond the Underworld using dark sorcery to take on the Titan of Time in this bewitching sequel to the award-winning rogue-like dungeon crawler.","https://store.steampowered.com/app/1145350/Hades_II/",1145350,Supergiant Games,https://www.reddit.com/r/HadesTheGame/
Starfield,"Action RPG, Open World",2023-09-06,released,"Starfield is a vast, open-world action RPG from Bethesda Game Studios, set amongst the stars. Players create their own character and embark on a grand journey to uncover humanity's greatest mystery across a galaxy of over 1,000 planets. The game is being supported with ongoing patches and upcoming story expansions.","Starfield is the first new universe in over 25 years from Bethesda Game Studios, the award-winning creators of The Elder Scrolls V: Skyrim and Fallout 4. In this next generation role-playing game set amongst the stars, create any character you want and explore with unparalleled freedom as you embark on an epic journey to answer humanity’s greatest mystery.","https://store.steampowered.com/app/1716740/Starfield/",1716740,Bethesda Game Studios,https://www.reddit.com/r/Starfield/
Cyberpunk 2077,"Action RPG, Open World",2020-12-10,released,"Cyberpunk 2077 is an open-world, action-adventure RPG set in the dystopian metropolis of Night City. Players assume the role of V, a mercenary outlaw, and navigate a world of cybernetic enhancements, corporate greed, and gang warfare. Following numerous updates and a major expansion, the game is actively maintained and polished.","Cyberpunk 2077 is an open-world, action-adventure RPG set in the megalopolis of Night City, where you play as a cyberpunk mercenary wrapped up in a do-or-die fight for survival.","https://store.steampowered.com/app/1091500/Cyberpunk_2077/",1091500,CD PROJEKT RED,https://www.reddit.com/r/cyberpunkgame/
The Finals,"FPS, Arena Shooter",2023-12-07,released,"The Finals is a free-to-play, combat-centered game show where teams of three compete in a virtual arena. It is distinguished by its fully destructible environments, which allows for dynamic strategic possibilities, and its fast-paced, objective-based gameplay focused on collecting and banking cash.","Join THE FINALS, the world-famous, free-to-play, combat-centered game show! Fight alongside your teammates in virtual arenas that you can alter, exploit, and even destroy.","https://store.steampowered.com/app/2073850/THE_FINALS/",2073850,Embark Studios,https://www.reddit.com/r/thefinals/
Gray Zone Warfare,"Tactical FPS, Extraction Shooter",2024-04-30,early_access,"Gray Zone Warfare is a tactical first-person extraction shooter with a strong emphasis on realism. Set on a fictional Southeast Asian island, players join one of three Private Military Companies to explore a persistent open world, complete missions for vendors, and engage in high-stakes combat against other players and AI.","Gray Zone Warfare is an intense tactical FPS focused on realism. Join a Private Military Company and navigate a vast open-world setting alone or in a squad. Adapt to your surroundings, use tactics to your advantage, and fight against other human operators and AI-controlled enemies.","https://store.steampowered.com/app/2074900/Gray_Zone_Warfare/",2074900,MADFINGER Games,https://www.reddit.com/r/GrayZoneWarfare/
ARK: Survival Ascended,"Survival, Action-Adventure",2023-10-25,early_access,"ARK: Survival Ascended is a remake of the original ARK: Survival Evolved, rebuilt from the ground up in Unreal Engine 5. It is a multiplayer survival game where players must survive on a hostile island inhabited by dinosaurs and other prehistoric creatures, which they can tame and ride.","Survive the past. Tame the future. Suddenly awakened on a primal world filled with dinosaurs and humans struggling for dominance, you must piece together the history of how you arrived there, team-up with legendary heroes, and confront powerful dark forces that seek to control the fate of all life. Saddle up!","https://store.steampowered.com/app/2399830/ARK_Survival_Ascended/",2399830,Studio Wildcard,https://www.reddit.com/r/ARK/
Dead by Daylight,"Asymmetrical Horror",2016-06-14,released,"Dead by Daylight is a 4v1 asymmetrical multiplayer horror game where one player takes on the role of a killer, and the other four play as survivors trying to escape. The survivors must repair generators to power the exit gates while avoiding the killer, who uses unique abilities to hunt them down. The game is constantly updated with new characters, many from iconic horror franchises.","Dead by Daylight is a multiplayer (4vs1) horror game where one player takes on the role of the savage Killer, and the other four players play as Survivors, trying to escape the Killer and avoid being caught and killed.","https://store.steampowered.com/app/381210/Dead_by_Daylight/",381210,Behaviour Interactive Inc.,https://www.reddit.com/r/deadbydaylight/
Hunt: Showdown,"PvPvE, Extraction Shooter",2019-08-27,released,"Hunt: Showdown is a competitive first-person PvPvE bounty hunting game with heavy PvE elements. Set in the swamps of 1895 Louisiana, players team up to hunt down monstrous bounties, but they must also contend with other hunter teams vying for the same prize. Its blend of high-stakes permadeath mechanics and unique sound design creates a tense, tactical experience.","Hunt: Showdown is a high-stakes, tactical PvPvE first-person shooter. Hunt for bounties in the infested Bayou, kill nightmarish monsters and outwit competing hunters - alone or in a group - with your glory, gear, and gold on the line.","https://store.steampowered.com/app/594650/Hunt_Showdown/",594650,Crytek,https://www.reddit.com/r/HuntShowdown/
Satisfactory,"Factory Simulation, Open World",2020-06-08,early_access,"Satisfactory is a first-person open-world factory building game with a dash of exploration and combat. Players are an engineer on an alien planet, tasked with constructing increasingly complex and automated factories to exploit the world's natural resources for the FICSIT corporation.","Satisfactory is a first-person open-world factory building game with a dash of exploration and combat. Play alone or with friends, explore an alien planet, create multi-story factories, and enter conveyor belt heaven!","https://store.steampowered.com/app/526870/Satisfactory/",526870,Coffee Stain Studios,https://www.reddit.com/r/SatisfactoryGame/
V Rising,"Survival, Action RPG",2024-05-08,released,"V Rising is an open-world multiplayer survival game where players awaken as a weakened vampire. You must hunt for blood to regain your strength, build a magnificent castle, and avoid the scorching sun while battling supernatural beasts and rising to become the next Dracula. The game blends survival crafting with top-down action RPG combat.","Awaken as a vampire. Hunt for blood in nearby settlements to regain your strength and evade the scorching sun to survive. Raise your castle and thrive in an ever-changing open world full of mystery. Gain allies online and conquer the land of the living.","https://store.steampowered.com/app/1604030/V_Rising/",1604030,Stunlock Studios,https://www.reddit.com/r/vrising/
Risk of Rain 2,"Roguelike, Third-Person Shooter",2020-08-11,released,"Risk of Rain 2 is a cooperative roguelike third-person shooter where players try to survive on a hostile alien planet. The defining mechanic is the game's difficulty, which increases over time, forcing players to find items and create powerful builds to combat ever-stronger waves of enemies. The goal is to escape, but the longer you stay, the more chaotic it becomes.","Escape a chaotic alien planet by fighting through hordes of frenzied monsters – with your friends, or on your own. Combine loot in surprising ways and master each character until you become the havoc you feared upon your first crash landing.","https://store.steampowered.com/app/632360/Risk_of_Rain_2/",632360,Hopoo Games,https://www.reddit.com/r/riskofrain/
War Thunder,"Vehicular Combat MMO",2013-08-15,released,"War Thunder is a free-to-play, cross-platform MMO combat game dedicated to military vehicles used in World War II and the Cold War. Players can take control of aircraft, armored vehicles, and naval craft in large-scale combined arms battles, with a focus on realistic physics and damage models.","War Thunder is the most comprehensive free-to-play, cross-platform, MMO military game dedicated to aviation, armoured vehicles, and naval craft, from the early 20th century to the most advanced modern combat units. Join now and take part in major battles on land, in the air, and at sea.","https://store.steampowered.com/app/236390/War_Thunder/",236390,Gaijin Entertainment,https://www.reddit.com/r/Warthunder/
XDefiant,"Arena FPS",2024-05-21,released,"XDefiant is a free-to-play, fast-paced arcade arena shooter that brings together factions from across the Tom Clancy universe. Players choose a faction, which determines their abilities, and then select a loadout of weapons to compete in various objective-based game modes.","Ubisoft's worlds collide in a free-to-play, first-person arena shooter where you compete to be the best in fast-paced online matches! Join an always-evolving experience with regular updates featuring new playable factions and a growing collection of maps, weapons, and game modes.","https://www.ubisoft.com/en-us/game/xdefiant",,Ubisoft,https://www.reddit.com/r/XDefiant/
Honkai: Star Rail,"RPG, Gacha",2023-04-26,released,"Honkai: Star Rail is a free-to-play 3D tactical turn-based RPG from the creators of Genshin Impact. Players board the Astral Express and travel across unique worlds, recruiting a party of diverse characters to uncover the mysteries of the galaxy. It combines classic turn-based combat with high-production values and deep character systems.","Honkai: Star Rail is a new HoYoverse space fantasy RPG. Hop aboard the Astral Express and experience the galaxy's infinite wonders filled with adventure and thrills.","https://www.epicgames.com/store/en-us/p/honkai-star-rail",,HoYoverse,https://www.reddit.com/r/HonkaiStarRail/
Zenless Zone Zero,"Action RPG, Roguelike",2024-07-04,released,"Zenless Zone Zero is a futuristic urban fantasy Action-RPG from HoYoverse. Players take on the role of a 'Proxy' who guides characters through 'Hollows,' dangerous dimensions filled with enemies. The gameplay focuses on fast-paced, stylish, tag-team combat and a roguelike exploration structure within a vibrant city hub.","Zenless Zone Zero is a brand-new 3D action game from HoYoverse, which takes place in the near future, with a world plagued by a mysterious natural disaster known as ""Hollows"".","https://zenless.hoyoverse.com/",,HoYoverse,https://www.reddit.com/r/ZenlessZoneZero/
Grand Theft Auto VI,"Action-Adventure, Open World",2025-01-01,announced,"Grand Theft Auto VI is the highly anticipated next entry in the landmark open-world series. Set in the state of Leonida, home to the neon-soaked streets of Vice City, it is poised to deliver the most immersive evolution of the Grand Theft Auto series yet. The story will follow a criminal duo, Lucia and her male partner.","Grand Theft Auto VI heads to the state of Leonida, home to the neon-soaked streets of Vice City and beyond in the biggest, most immersive evolution of the Grand Theft Auto series yet. Coming 2025 to PlayStation 5 and Xbox Series X|S.","https://www.rockstargames.com/VI",,Rockstar Games,https://www.reddit.com/r/GTA6/
The Elder Scrolls VI,"Action RPG, Open World",TBA,announced,"The Elder Scrolls VI is the upcoming sixth main installment in the critically acclaimed open-world action RPG series from Bethesda Game Studios. Little is known beyond its confirmation of existence, but it is expected to continue the series' tradition of offering a massive, detailed fantasy world for players to explore with unparalleled freedom.","Currently in pre-production at Bethesda Game Studios.","",,Bethesda Game Studios,https://www.reddit.com/r/ElderScrolls/
Marathon,"PvP Extraction Shooter",TBA,announced,"Marathon is a new sci-fi PvP extraction shooter and the first completely new project from Bungie in over a decade. Set on the planet of Tau Ceti IV, players will inhabit a 'Runner,' a cybernetic mercenary, competing to seize valuable artifacts and escape with their lives in a persistent, player-driven world.","From the studio that brought you Halo and Destiny, comes a new sci-fi PvP extraction shooter. Become a Runner in a new story set in the mysterious world of Marathon. Fight for fame, riches, and infamy in a world of evolving, persistent zones where any run can lead to greatness.","https://www.marathonthegame.com/",,Bungie,https://www.reddit.com/r/MarathonTheGame/
Light No Fire,"Survival, Sandbox, RPG",TBA,announced,"Light No Fire is a highly ambitious new game from Hello Games, the creators of No Man's Sky. It is set on a single, procedurally generated, Earth-sized fantasy planet, offering a truly open world to explore. The game combines survival, building, and adventure with the goal of creating a collaborative, emergent multiplayer experience.","Light No Fire is a game about adventure, building, survival and exploration together. Set on a fantasy planet the size of Earth, it brings the depth of a role-playing game to the freedom of a survival sandbox.","https://lightnofire.com/",,Hello Games,https://www.reddit.com/r/LightNoFire/
Fable,"Action RPG, Open World",2025-01-01,announced,"Fable is a reboot of the beloved action RPG series, now developed by Playground Games. Set in the fantasy land of Albion, it is expected to recapture the original's charm, wit, and focus on player choice, where every decision can impact the world and the hero's development.","What does it mean to be a Hero? In the fairytale land of Albion, the answer is entirely up to you. With a dark threat looming, and in a world where your reputation precedes you, your choices will change Albion forever.","https://www.xbox.com/en-US/games/fable",,Playground Games,https://www.reddit.com/r/Fable/
Avowed,"Action RPG, Open World",2024-11-12,announced,"Avowed is a first-person fantasy RPG from Obsidian Entertainment, set in the world of Eora from their Pillars of Eternity series. Players will explore the Living Lands, a mysterious island filled with adventure and danger, using a flexible combat system that combines swords, sorcery, and guns.","An expedition from the Aedyr Empire has been sent to the Living Lands, a wild and remote island, to investigate rumors of a spreading plague. You are the envoy of Aedyr, and your destiny is in your hands.","https://avowed.obsidian.net/",,Obsidian Entertainment,https://www.reddit.com/r/Avowed/
S.T.A.L.K.E.R. 2: Heart of Chornobyl,"FPS, Survival Horror",2024-09-05,announced,"S.T.A.L.K.E.R. 2: Heart of Chornobyl is a next-gen sequel to the cult-classic survival horror FPS series. Set in the grim Chornobyl Exclusion Zone, players will navigate a vast, seamless open world filled with dangerous mutants, deadly anomalies, and warring factions, all while uncovering a non-linear story.","The Chornobyl Exclusion Zone has changed dramatically after the second massive explosion in year 2006. Violent mutants, deadly anomalies, warring factions have made the Zone a very tough place to survive. Nevertheless, artifacts of unbelievable value attracted many people called S.T.A.L.K.E.R.s, who entered the Zone for their own risk striving to make a fortune out of it or even to find the Truth concealed in the Heart of Chornobyl.","https://store.steampowered.com/app/1643320/STALKER_2_Heart_of_Chornobyl/",1643320,GSC Game World,https://www.reddit.com/r/stalker/
Frostpunk 2,"City-builder, Survival Strategy",2024-07-25,released,"Frostpunk 2 is the sequel to the acclaimed society survival game. Set 30 years after the apocalyptic blizzard, the age of steam has given way to the age of oil. Players must once again lead their resource-hungry metropolis, but now face new threats from within, as social divisions and conflicting political factions vie for power.","Frostpunk 2 is the sequel to the highly acclaimed, BAFTA-nominated society survival game. The age of steam has passed and now, oil leads the way as humanity’s newest salvation. However, with new threats on the horizon, the future of the city looks even more grim than before.","https://store.steampowered.com/app/1601580/Frostpunk_2/",1601580,11 bit studios,https://www.reddit.com/r/Frostpunk/
Path of Exile 2,"Action RPG, Hack-and-Slash",2024-12-01,closed_beta,"Path of Exile 2 is a new-generation free-to-play action RPG from Grinding Gear Games. It will exist alongside the original game, featuring a brand new six-act story campaign, 12 character classes, a new skill gem system, and significant engine and gameplay overhauls, aiming for a more modern and visceral combat experience.","Path of Exile 2 is a next generation free-to-play Action RPG from Grinding Gear Games, with co-op for up to six players. Set years after the original Path of Exile, you will return to the dark world of Wraeclast and seek to end the corruption that is spreading.","https://www.pathofexile2.com/",,Grinding Gear Games,https://www.reddit.com/r/pathofexile/
Dragon Age: The Veilguard,"Action RPG",2024-10-31,announced,"Dragon Age: The Veilguard is the next major installment in the fantasy RPG series from BioWare. Players will assemble a team of seven unique companions to challenge a pair of corrupt gods. The game will feature a deep, character-driven narrative and action-oriented, real-time combat in the world of Thedas.","You are Rook, The Veilguard's newest recruit. As a looming threat descends upon Thedas, you must rise to lead a team of seven companions. Each has a rich story to uncover and is a hero in their own right. Forge relationships and build a team of unexpected heroes to become the leader others believe in.","https://www.ea.com/games/dragon-age/dragon-age-the-veilguard",,BioWare,https://www.reddit.com/r/dragonage/
Marvel's Wolverine,"Action-Adventure",TBA,announced,"Marvel's Wolverine is an upcoming standalone game being developed by Insomniac Games, the studio behind Marvel's Spider-Man. While details are scarce, it is expected to be a mature, narrative-driven action game featuring the iconic X-Men character, leveraging the studio's talent for creating compelling superhero experiences.","Currently in development by Insomniac Games for PlayStation 5.","",,Insomniac Games,https://www.reddit.com/r/WolverinePS5/
Lethal Company,"Co-op, Survival Horror",2023-10-23,early_access,"Lethal Company is a cooperative survival horror game where players work for 'the Company,' scavenging scrap from abandoned, industrialized moons. The gameplay loop involves exploring dangerous facilities, avoiding environmental hazards and monstrous creatures, and meeting a profit quota under a tight deadline. Its proximity-chat-based horror and comedic chaos have made it a viral hit.","A co-op horror about scavenging at abandoned moons to sell scrap to the Company.","https://store.steampowered.com/app/1966720/Lethal_Company/",1966720,Zeekerss,https://www.reddit.com/r/lethalcompany/
Fall Guys,"Platformer, Party Game",2020-08-04,released,"Fall Guys is a free-to-play, cross-platform, massively multiplayer party royale game. Players compete as clumsy jellybean-like characters through rounds of absurd obstacle courses and mini-games, with a progressively smaller number of contestants qualifying until only one winner remains.","You’re invited to dive and dodge your way to victory in the pantheon of clumsy. Rookie or pro? Solo or partied up? Fall Guys delivers ever-evolving, high-concentrated hilarity and fun.","https://www.epicgames.com/store/en-US/p/fall-guys",,Mediatonic,https://www.reddit.com/r/FallGuysGame/
EVE Online,"Sci-fi Sandbox MMO",2003-05-06,released,"EVE Online is a community-driven sandbox MMORPG where players can engage in a huge variety of professions and activities, including mining, piracy, manufacturing, trading, exploration, and massive fleet combat. The game is famous for its player-run corporations and alliances, which engage in large-scale political and military conflicts in a single, persistent universe.","EVE Online is a free-to-play community-driven spaceship MMO where players can play anything they want, from space exploration, to building huge industrial empires, or engaging in massive player vs. player warfare.","https://store.steampowered.com/app/8500/EVE_Online/",8500,CCP Games,https://www.reddit.com/r/Eve/
Black Desert Online,"MMORPG, Sandbox",2016-03-03,released,"Black Desert Online is a sandbox-oriented fantasy MMORPG known for its fast-paced, action-based combat system and highly detailed character customization. It features a large, seamless open world where players can engage in activities like housing, farming, fishing, and large-scale PvP sieges.","Black Desert is a game that tests the limitations of MMORPG by implementing remastered graphics and audio. Enjoy exciting combat and siege, exploration, trading, fishing, training, alchemy, and cooking in the vast open world.","https://store.steampowered.com/app/582660/Black_Desert/",582660,Pearl Abyss,https://www.reddit.com/r/blackdesertonline/
Street Fighter 6,"Fighting",2023-06-02,released,"Street Fighter 6 is the latest installment in the legendary fighting game series. It introduces new gameplay mechanics like the Drive System, modern and classic control types, and new game modes including a single-player adventure called World Tour and a social hub called the Battle Hub.","Here comes Capcom’s newest challenger! Street Fighter 6 launches worldwide on June 2nd, 2023 and represents the next evolution of the Street Fighter series!","https://store.steampowered.com/app/1364780/Street_Fighter_6/",1364780,CAPCOM Co., Ltd.,https://www.reddit.com/r/StreetFighter/
Mortal Kombat 1,"Fighting",2023-09-19,released,"Mortal Kombat 1 reboots the series' universe, creating a new reality under the guidance of Fire God Liu Kang. The game introduces 'Kameo Fighters,' a secondary roster of characters that can assist during matches, adding a new layer of strategy to its signature brutal and cinematic combat.","It's In Our Blood! Discover a reborn Mortal Kombat Universe created by the Fire God Liu Kang. Mortal Kombat 1 ushers in a new era of the iconic franchise with a new fighting system, game modes, and fatalities!","https://store.steampowered.com/app/1971400/Mortal_Kombat_1/",1971400,NetherRealm Studios,https://www.reddit.com/r/MortalKombat/
EA Sports FC 24,"Sports, Soccer Simulation",2023-09-29,released,"EA Sports FC 24 marks the beginning of a new era for the world's most popular football simulation game, formerly known as FIFA. It features enhanced realism with new technologies, updated player rosters, and continues to offer popular modes like Ultimate Team, Career Mode, and Volta Football.","EA SPORTS FC™ 24 welcomes you to The World’s Game: the most true-to-football experience ever with HyperMotionV, PlayStyles optimised by Opta, and a revolutionised Frostbite™ Engine.","https://store.steampowered.com/app/2195250/EA_SPORTS_FC_24/",2195250,EA Vancouver & EA Romania,https://www.reddit.com/r/EASportsFC/
Hearthstone,"Digital Card Game",2014-03-11,released,"Hearthstone is a free-to-play digital collectible card game set in the Warcraft universe. Players build decks of 30 cards centered around a chosen hero and take turns playing cards to cast spells, summon minions, and attack the opponent, aiming to reduce their health to zero. It's known for its accessibility and various game modes, including the popular 'Battlegrounds' auto-battler.","From the studio that brought you World of Warcraft® and Overwatch®, comes HEARTHSTONE®, Blizzard Entertainment’s award-winning free-to-play digital card game! Collect powerful cards and create mighty decks. Summon minions and sling a spell to seize control of an ever-shifting battlefield.","https://hearthstone.blizzard.com/en-us",,Blizzard Entertainment,https://www.reddit.com/r/hearthstone/
Magic: The Gathering Arena,"Digital Card Game",2019-09-26,released,"Magic: The Gathering Arena is the digital adaptation of the highly popular physical collectible card game. It faithfully translates the complex rules and vast card pool of Magic into a user-friendly online experience, allowing players to build decks and battle others in various formats. The game is consistently updated with the latest card sets as they are released in paper.","Magic: The Gathering Arena is the best way to play Magic online. Download and play for free on PC, Mac, and mobile!","https://magic.wizards.com/en/mtgarena",,Wizards of the Coast,https://www.reddit.com/r/MagicArena/
Teamfight Tactics,"Auto-battler",2019-06-26,released,"Teamfight Tactics (TFT) is a free-to-play auto-battler game mode within the League of Legends client. Players draft a team of champions, position them on a hexagonal grid, and watch them battle automatically against seven other opponents. The strategy lies in building powerful team compositions based on shared traits, managing an economy, and equipping items.","Put your team-building skills to the test in Teamfight Tactics, the ultimate multiplayer PvP auto battler from the studio behind League of Legends.","https://teamfighttactics.leagueoflegends.com/en-us/",,Riot Games,https://www.reddit.com/r/TeamfightTactics/
Albion Online,"Sandbox MMORPG",2017-07-17,released,"Albion Online is a fantasy sandbox MMORPG featuring a player-driven economy, classless combat system, and intense PvP battles. In Albion's world, 'you are what you wear,' as all skills and abilities are determined by the gear you equip. Players can conquer territories, build homes, and craft nearly every item in the game.","Albion Online is a fantasy sandbox MMORPG featuring a player-driven economy, classless combat, and intense PvP battles. Explore a vast open world full of danger and opportunity. Grow your wealth, forge alliances, and leave your mark on the world of Albion.","https://store.steampowered.com/app/761890/Albion_Online/",761890,Sandbox Interactive GmbH,https://www.reddit.com/r/albiononline/
MARVEL SNAP,"Digital Card Game",2022-10-18,released,"MARVEL SNAP is a fast-paced collectible card game featuring characters from the Marvel Universe. Matches are quick, lasting only six turns, and focus on controlling three randomly selected locations by having the most power at each. The 'Snap' mechanic allows players to double the stakes, adding a layer of bluffing and risk to the strategy.","The fastest card battler in the multiverse! Assemble your MARVEL dream team in this action-packed, 1v1 multiplayer collectible card game.","https://store.steampowered.com/app/1997040/MARVEL_SNAP/",1997040,Second Dinner,https://www.reddit.com/r/MarvelSnap/
The First Descendant,"Looter Shooter, Action RPG",2024-07-02,released,"The First Descendant is a free-to-play, third-person cooperative action RPG shooter powered by Unreal Engine 5. Players become 'Descendants,' characters with unique skills, and must fight against alien invaders to protect humanity. The gameplay focuses on strategic boss fights, grappling hook-based mobility, and collecting powerful new equipment and characters.","The First Descendant is a free-to-play, third-person cooperative action RPG shooter featuring high-quality graphics. Experience the fun of strategic boss fights through 4-player co-op and various unique characters, exciting gunplay, and looting.","https://store.steampowered.com/app/2074920/The_First_Descendant/",2074920,NEXON Games Co., Ltd.,https://www.reddit.com/r/TheFirstDescendant/
Once Human,"Multiplayer Survival, Open World",2024-07-09,released,"Once Human is a multiplayer open-world survival game set in a post-apocalyptic future. After a cosmic entity called Stardust contaminated the world, players must survive against monstrous creatures and the hostile environment. The game features base building, crafting, and a struggle to maintain one's sanity in a bizarre, twisted world.","Once Human is a multiplayer open-world survival game set in a strange, post-apocalyptic future. Unite with friends to fight monstrous enemies, uncover secret plots, vie for resources, and build your own territory. Once, you were merely human. Now, you have the power to remake the world.","https://store.steampowered.com/app/2139460/Once_Human/",2139460,Starry Studio,https://www.reddit.com/r/OnceHuman/
Tarisland,"MMORPG",2024-06-21,released,"Tarisland is a new cross-platform MMORPG featuring a vast world, rich storytelling, and classic fantasy classes. Players explore diverse realms, challenge epic dungeons and raids, and master a flexible talent tree system. The game aims to provide a fair, non-pay-to-win seasonal experience for both PC and mobile players.","Tarisland is a new cross-platform game that brings back the fun of classic MMORPGs. It recreates the challenging dungeons and immersive exploration experience with a fair, non-pay-to-win seasonal system.","https://tarisglobal.com/en/home/",,Tencent,https://www.reddit.com/r/Tarisland/
Phasmophobia,"Co-op, Psychological Horror",2020-09-18,early_access,"Phasmophobia is a 4 player online co-op psychological horror where you and your team members of paranormal investigators will enter haunted locations filled with paranormal activity and gather as much evidence of the paranormal as you can. You will use your ghost hunting equipment to search for and record evidence of whatever ghost is haunting the location to sell onto a ghost removal team.","Phasmophobia is a 4 player online co-op psychological horror. Paranormal activity is on the rise and it’s up to you and your team to use all the ghost hunting equipment at your disposal in order to gather as much evidence as you can.","https://store.steampowered.com/app/739630/Phasmophobia/",739630,Kinetic Games,https://www.reddit.com/r/PhasmophobiaGame/
Grounded,"Survival, Adventure",2022-09-27,released,"Grounded is a cooperative survival game where players are shrunk to the size of an ant and must survive in a suburban backyard. The game combines base building, crafting, and combat against various insects and spiders. Players must manage hunger and thirst while exploring the oversized world and unraveling the mystery behind their miniaturization.","The world is a vast, beautiful and dangerous place – especially when you have been shrunk to the size of an ant. Explore, build and survive together in this first person, multiplayer, survival-adventure. Can you thrive alongside the hordes of giant insects, fighting to survive the perils of the backyard?","https://store.steampowered.com/app/962130/Grounded/",962130,Obsidian Entertainment,https://www.reddit.com/r/GroundedGame/
Star Citizen,"Space Sim, MMO",2015-06-01,open_beta,"Star Citizen is an ambitious, in-development multiplayer space trading and combat simulation game. It aims to create a massive, persistent universe combining elements of first-person shooters, space simulation, and MMOs. Players can explore planets, trade cargo, engage in ship combat, and participate in a player-driven economy, all in a single, seamless experience.","Star Citizen is an upcoming multiplayer space trading and combat simulation game developed and published by Cloud Imperium Games for Microsoft Windows.","https://robertsspaceindustries.com/",,Cloud Imperium Games,https://www.reddit.com/r/starcitizen/
Squad,"Tactical FPS, Military Sim",2020-09-23,released,"Squad is a large-scale combined arms multiplayer first-person shooter that emphasizes combat realism through communication, teamwork, and strategy. With 50 vs 50 battles, a player-driven base building system, and integrated VoIP for communication, it aims to bridge the gap between arcade shooters and military simulations.","Squad is a tactical FPS that provides authentic combat experiences through teamwork, constant communication, and realistic gameplay. It bridges the gap between arcade shooter and military simulation with 100-player battles, combined arms combat, base building, and a great integrated VoIP system.","https://store.steampowered.com/app/393380/Squad/",393380,Offworld Industries,https://www.reddit.com/r/joinsquad/
Foxhole,"MMO, Wargame",2022-09-28,released,"Foxhole is a massively multiplayer game where thousands of players shape the outcome of a persistent online war. Every soldier is a player that contributes to the war effort through logistics, base building, reconnaissance, and combat. The game is a top-down, sandbox wargame where player actions can have a permanent impact on the state of the war.","Foxhole is a massively multiplayer game where you will work with hundreds of players to shape the outcome of a persistent online war. This is the ultimate game of collaborative strategy and tactics. Every soldier is a player that contributes to the war effort through logistics, base building, reconnaissance, combat, and more.","https://store.steampowered.com/app/505460/Foxhole/",505460,Siege Camp,https://www.reddit.com/r/foxholegame/
World of Tanks,"Vehicular Combat MMO",2011-04-12,released,"World of Tanks is a team-based, massively multiplayer online action game dedicated to armored warfare in the mid-20th century. Players command a vast arsenal of historically accurate tanks and engage in tactical battles where knowledge of terrain, armor weak spots, and team coordination are key to victory.","Jump into the free-to-play team-based shooter with an ever-expanding roster of historical vehicles, stunning graphics, spectacular locations, and orchestral scores. Show your mastery and face other players in thrilling PvP clashes. A unique mix of strategy and action awaits!","https://store.steampowered.com/app/1407200/World_of_Tanks/",1407200,Wargaming Group Limited,https://www.reddit.com/r/WorldofTanks/
Smite,"MOBA, Third-Person",2014-03-25,released,"Smite is a free-to-play, third-person multiplayer online battle arena (MOBA). Unlike traditional MOBAs, it places players directly behind their character in a third-person perspective, emphasizing action and skill shots. Players choose from a massive roster of gods and mythological figures from various pantheons to battle in 5v5 combat.","Join 40+ million players in SMITE, the world’s most popular action multiplayer online battle arena. Become a legend of myth, enter the Battleground of the Gods, and play FREE now!","https://store.steampowered.com/app/386360/SMITE/",386360,Titan Forge Games,https://www.reddit.com/r/Smite/
Indiana Jones and the Great Circle,"Action-Adventure",2024-12-03,announced,"Indiana Jones and the Great Circle is a first-person, single-player action-adventure game set between the events of 'Raiders of the Lost Ark' and 'The Last Crusade.' Players will embody the legendary archaeologist, using his signature whip and wits to solve puzzles, explore ancient ruins, and fight sinister forces in a globetrotting narrative.","Uncover one of history's greatest mysteries in Indiana Jones and the Great Circle™, a first-person, single-player adventure set between the events of Raiders of the Lost Ark™ and The Last Crusade™.","https://bethesda.net/en/game/indianajones",,MachineGames,https://www.reddit.com/r/IndianaJonesGCC/
Perfect Dark,"FPS, Stealth",TBA,announced,"Perfect Dark is a reboot of the classic secret agent FPS series, now developed by The Initiative and Crystal Dynamics. Set in a near-future world torn apart by ecological disasters, players will step into the shoes of agent Joanna Dark for a thrilling, espionage-focused adventure that blends gunplay, traversal, and gadgets.","A secret agent thriller set in a near-future world.","https://www.xbox.com/en-US/games/perfect-dark",,The Initiative & Crystal Dynamics,https://www.reddit.com/r/PerfectDark/
State of Decay 3,"Survival, Open World",TBA,announced,"State of Decay 3 is the next installment in the zombie survival series from Undead Labs. While details are limited, it is expected to evolve the core formula of building a community, managing resources, and fighting for survival in a persistent open world plagued by the undead, potentially with a greater emphasis on narrative and environmental threats like zombified wildlife.","The next evolution in the State of Decay franchise is currently in development, bringing fans the new ultimate in zombie survival simulation.","https://undeadlabs.com/state-of-decay-3/",,Undead Labs,https://www.reddit.com/r/StateofDecay3/
Untitled Mass Effect sequel,"Action RPG",TBA,announced,"The next chapter of the Mass Effect universe is currently in development from BioWare. Little is known, but teaser material suggests a continuation of the story from the original trilogy, potentially involving characters like Liara T'Soni and a return to the Milky Way galaxy after the events of Andromeda.","Mass Effect will return. The team is hard at work on the next adventure in the Mass effect universe.","",,BioWare,https://www.reddit.com/r/masseffect/
Judas,"Narrative FPS",2025-03-31,announced,"Judas is a new single-player, narrative-driven first-person shooter from Ghost Story Games, the studio led by Ken Levine, the creator of BioShock. Set on a disintegrating starship, players take on the role of Judas, where they must make or break alliances with their worst enemies to survive and escape. It is expected to feature a highly reactive and replayable narrative.","A disintegrating starship. A desperate escape plan. You are the mysterious and troubled Judas. Your only hope for survival is to make or break alliances with your worst enemies. Will you work together to fix what you broke – or will you leave it to burn?","https://store.steampowered.com/app/1410880/Judas/",1410880,Ghost Story Games,https://www.reddit.com/r/judasthegame/
Death Stranding 2: On The Beach,"Action, Adventure",2025-01-01,announced,"Death Stranding 2: On The Beach is the sequel to Hideo Kojima's unique action-adventure game. Sam Porter Bridges returns for a new journey of human connection, this time beyond the United Cities of America. The game is expected to expand on the original's themes and gameplay, featuring new characters, environments, and otherworldly threats.","Sam, with companions by his side, sets out on a new journey to save humanity from extinction. Join them as they traverse a world riddled with otherworldly enemies, obstacles and a haunting question: should we have connected?","https://www.playstation.com/en-us/games/death-stranding-2-on-the-beach/",,Kojima Productions,https://www.reddit.com/r/DeathStranding/
Lost Ark,"MMORPG, Action RPG",2022-02-11,released,"Lost Ark is a free-to-play MMORPG with a strong action-RPG focus. Players explore the world of Arkesia, searching for the titular Lost Ark. The game is known for its spectacular isometric combat, deep character progression, and a wide variety of content, including cinematic dungeons, raids, and PvP arenas.","Embark on an odyssey for the Lost Ark in a vast, vibrant world: explore new lands, seek out lost treasures, and test yourself in thrilling action combat in this action-packed free-to-play RPG.","https://store.steampowered.com/app/1599340/Lost_Ark/",1599340,Smilegate RPG,https://www.reddit.com/r/lostarkgame/
Grand Theft Auto Online,"Action-Adventure, MMO",2013-10-01,released,"Grand Theft Auto Online is the dynamic and persistent online component of Grand Theft Auto V. Set in the sprawling world of Los Santos and Blaine County, players create their own character and rise through the criminal underworld by completing jobs, heists, and races. It receives regular, massive content updates that add new vehicles, properties, and gameplay modes.","Experience GTA Online, a dynamic and ever-evolving online universe for up to 30 players, where you can rise from street-level hustler to become a kingpin of your own criminal empire.","",,Rockstar North,https://www.reddit.com/r/gtaonline/
Cities: Skylines II,"City-builder, Simulation",2023-10-24,released,"Cities: Skylines II is the sequel to the acclaimed city-building simulation game. It allows players to build and manage a city of their dreams with deep simulation, a living economy, and enhanced creative tools. The game promises a new epic scale, realistic traffic AI, and more intricate management systems, with ongoing development and patching post-launch.","Raise a city from the ground up and transform it into the thriving metropolis only you can imagine. This is a world builder without limits. Cities: Skylines II is a revolutionary sequel to the hit city-building game, letting you create any kind of city you want.","https://store.steampowered.com/app/949230/Cities_Skylines_II/",949230,Colossal Order Ltd.,https://www.reddit.com/r/CitiesSkylines/
Untitled The Outer Worlds Sequel,"Action RPG",TBA,announced,"The Outer Worlds 2 is the upcoming sequel to Obsidian's satirical sci-fi RPG. While details are scarce, the announcement trailer humorously acknowledged its early stage of development. It is expected to continue the series' tradition of dark humor, player-driven narrative choices, and unique companions in a brand new star system.","New solar system, new crew, same Outer Worlds.","https://www.xbox.com/en-us/games/the-outer-worlds-2",,Obsidian Entertainment,https://www.reddit.com/r/theouterworlds/